TransactionID,is_anomaly,anomaly_type
9000707,0,
9002316,0,
9002442,0,
9002259,0,
9000303,1,profil_inhabituel
9004393,0,
9000901,0,
9001682,0,
9001294,0,
9004885,0,
9004788,0,
9004055,0,
9000381,0,
9004104,0,
9004689,0,
9000465,0,
9001237,0,
9004361,0,
9002628,0,
9001070,0,
9004598,0,
9001763,0,
9002789,0,
9000839,0,
9004627,0,
9003799,0,
9001190,0,
9001624,0,
9003822,0,
9001996,0,
9001532,0,
9001482,0,
9001488,0,
9000790,0,
9003674,0,
9000889,0,
9002202,0,
9003725,0,
9003904,0,
9002401,0,
9000845,0,
9004230,0,
9001949,0,
9001739,0,
9000410,0,
9001807,0,
9004691,0,
9003399,0,
9003191,0,
9001409,0,
9001121,0,
9002443,0,
9001038,0,
9004768,0,
9003136,0,
9000773,0,
9000846,0,
9004131,0,
9004111,1,montant_extreme
9001550,0,
9001279,0,
9001913,0,
9000104,0,
9001175,0,
9003217,0,
9004931,0,
9002646,0,
9001622,0,
9004046,0,
9003234,0,
9003103,0,
9000575,0,
9000801,0,
9004531,0,
9002951,0,
9004244,0,
9000821,0,
9002469,0,
9001180,0,
9003505,0,
9003309,0,
9004913,0,
9001493,0,
9003458,0,
9003898,0,
9001869,0,
9001399,0,
9004036,0,
9002171,0,
9001167,0,
9003804,0,
9001594,0,
9001590,0,
9000138,0,
9004535,0,
9001300,0,
9002712,0,
9002223,0,
9002410,0,
9004260,0,
9004563,0,
9000830,0,
9001366,0,
9003486,0,
9001536,0,
9000429,0,
9004062,0,
9002499,0,
9004160,0,
9004117,0,
9000170,1,montant_extreme
9000415,0,
9003997,0,
9002261,0,
9001744,0,
9004275,0,
9002636,0,
9001529,0,
9003682,0,
9001652,0,
9000233,0,
9000385,0,
9002559,0,
9001783,0,
9004076,0,
9003119,0,
9000540,0,
9000787,0,
9004527,0,
9003442,0,
9004700,0,
9002138,0,
9003947,0,
9002975,0,
9000478,0,
9003805,0,
9000300,0,
9004642,0,
9000272,0,
9004715,0,
9002329,0,
9002090,0,
9004505,0,
9004645,0,
9000454,0,
9002263,0,
9003537,0,
9003858,0,
9000369,0,
9001944,0,
9003788,0,
9002728,0,
9001781,0,
9003363,1,nuit_montant_eleve
9000250,0,
9004945,0,
9000844,0,
9002339,0,
9000663,0,
9001806,0,
9002884,0,
9000117,0,
9004552,0,
9002322,0,
9004596,0,
9004347,0,
9002881,0,
9000328,0,
9001110,0,
9001871,0,
9004770,0,
9002203,0,
9004304,0,
9003240,0,
9003880,0,
9003320,0,
9002412,0,
9000352,0,
9004022,0,
9000870,0,
9001240,0,
9002371,0,
9001518,0,
9000562,0,
9003013,0,
9004299,0,
9001019,0,
9004751,0,
9004458,0,
9004592,0,
9004003,0,
9003545,0,
9004189,0,
9001270,0,
9004329,0,
9001683,0,
9004092,0,
9004127,0,
9001463,0,
9000056,0,
9000817,0,
9002780,0,
9000147,0,
9003633,0,
9000574,0,
9004776,0,
9004894,0,
9004194,0,
9004269,0,
9002522,0,
9000902,0,
9001266,0,
9004969,0,
9002772,0,
9003871,1,profil_inhabituel
9001446,0,
9001909,0,
9002038,0,
9002764,0,
9003755,0,
9002866,0,
9001286,0,
9000811,0,
9001099,0,
9003852,0,
9001526,0,
9004236,0,
9001452,0,
9004551,0,
9000397,0,
9004320,0,
9000970,0,
9002630,0,
9002982,0,
9004518,0,
9004185,1,nuit_montant_eleve
9002505,0,
9001136,0,
9002972,0,
9000518,0,
9002278,0,
9000699,0,
9003533,0,
9000898,0,
9004724,0,
9001470,0,
9002440,0,
9002129,0,
9002488,0,
9002888,0,
9004388,0,
9001464,0,
9000279,0,
9004692,0,
9004120,0,
9004893,0,
9000619,0,
9004952,0,
9002657,0,
9003113,0,
9003464,0,
9002804,1,montant_extreme
9004702,0,
9004737,0,
9003617,0,
9002002,0,
9003501,0,
9002711,0,
9001026,0,
9003452,0,
9001653,0,
9001351,0,
9000858,0,
9003338,0,
9001267,0,
9001021,0,
9001801,0,
9004855,0,
9004861,0,
9001411,0,
9001642,0,
9004873,0,
9000887,0,
9002788,0,
9003357,0,
9001456,0,
9002331,0,
9003184,0,
9000848,0,
9000036,0,
9002525,0,
9001976,0,
9002373,0,
9004341,0,
9003798,0,
9003189,0,
9001035,0,
9003781,0,
9002460,0,
9004484,0,
9001615,0,
9002618,0,
9001889,0,
9001979,0,
9003509,0,
9004986,0,
9000584,0,
9001983,0,
9000150,1,montant_extreme
9003919,0,
9000542,0,
9002314,0,
9001453,0,
9000546,0,
9003800,0,
9001362,0,
9000387,0,
9002752,0,
9003134,0,
9004537,0,
9004644,0,
9001027,0,
9000280,0,
9004697,0,
9002669,0,
9003639,0,
9003916,0,
9002705,0,
9001851,0,
9004394,0,
9004577,0,
9003887,0,
9000439,0,
9003155,0,
9001055,0,
9004680,0,
9004684,0,
9001911,0,
9004277,0,
9001571,0,
9004291,0,
9003932,0,
9002591,0,
9001253,0,
9003532,0,
9003917,0,
9004838,0,
9003816,0,
9003759,0,
9004456,0,
9000217,0,
9001361,0,
9001834,0,
9000045,0,
9000127,0,
9003335,0,
9004854,0,
9001588,0,
9004399,0,
9003561,0,
9002312,0,
9000069,0,
9000899,0,
9001953,0,
9003988,0,
9004105,0,
9004648,0,
9003652,0,
9002795,0,
9002964,0,
9003277,0,
9002025,0,
9004780,0,
9004231,0,
9001769,0,
9002479,0,
9004593,0,
9003580,0,
9004624,0,
9003070,0,
9002635,0,
9003536,0,
9001215,0,
9001022,0,
9000659,0,
9002232,0,
9003614,0,
9002856,0,
9003411,0,
9001096,0,
9003620,0,
9004101,0,
9004727,0,
9000001,0,
9002472,0,
9004314,0,
9000910,0,
9003975,0,
9000891,0,
9001842,0,
9001543,0,
9002366,0,
9003528,0,
9002340,0,
9004926,0,
9000243,0,
9004300,0,
9000728,0,
9000196,0,
9002957,0,
9001721,0,
9002266,0,
9000753,0,
9002317,0,
9004528,0,
9000581,0,
9003343,0,
9003414,0,
9004572,0,
9000376,0,
9001788,0,
9002453,0,
9001328,0,
9000087,0,
9002742,0,
9001931,0,
9001122,1,profil_inhabituel
9000881,0,
9004553,0,
9002594,0,
9001256,0,
9000678,0,
9000791,0,
9002816,0,
9001633,0,
9000172,0,
9003982,0,
9000588,0,
9003672,0,
9004848,0,
9004671,0,
9001531,0,
9001690,0,
9003959,0,
9004763,0,
9004466,0,
9004294,0,
9004128,0,
9000431,0,
9002529,0,
9003321,0,
9000033,0,
9000010,0,
9002033,0,
9000951,0,
9002502,0,
9002854,0,
9004071,0,
9000695,0,
9002321,0,
9004432,0,
9000359,0,
9002306,0,
9003035,0,
9000246,0,
9002082,0,
9002912,0,
9003543,0,
9000977,0,
9002865,0,
9003419,0,
9001738,0,
9004698,0,
9000826,0,
9004843,0,
9000133,0,
9003284,0,
9004258,0,
9003248,0,
9000007,0,
9001809,0,
9000700,0,
9004611,0,
9000674,1,profil_inhabituel
9000218,0,
9003281,0,
9003535,0,
9000538,0,
9004966,0,
9002911,1,nuit_montant_eleve
9003353,0,
9001880,0,
9000808,0,
9003591,0,
9003872,0,
9001827,0,
9000818,0,
9002723,0,
9001466,0,
9002615,0,
9003491,0,
9002177,0,
9004917,0,
9000310,0,
9002504,0,
9002515,0,
9004729,0,
9001579,0,
9003150,0,
9000580,0,
9004978,0,
9002423,0,
9001730,1,montant_extreme
9001436,0,
9002556,0,
9002946,0,
9001484,0,
9003027,0,
9001450,0,
9002244,0,
9004635,0,
9002682,0,
9003783,0,
9004221,0,
9003034,0,
9004461,0,
9004459,0,
9001289,0,
9001166,0,
9002265,0,
9002623,0,
9000365,0,
9002506,0,
9001867,0,
9003727,0,
9004044,0,
9002215,0,
9003497,0,
9004010,0,
9004779,0,
9004183,0,
9004238,0,
9004420,0,
9001816,0,
9002475,0,
9000171,0,
9000583,0,
9000258,0,
9002853,0,
9004434,0,
9000322,0,
9004382,0,
9003807,0,
9000516,0,
9003791,0,
9001359,0,
9003687,1,montant_extreme
9003853,0,
9001020,0,
9001321,0,
9004916,0,
9000501,0,
9001216,0,
9004107,0,
9000873,0,
9002214,0,
9004832,0,
9000480,0,
9001855,0,
9001538,0,
9000120,0,
9004070,0,
9000460,0,
9004769,0,
9004853,0,
9001227,0,
9001272,0,
9003077,0,
9001489,0,
9004513,0,
9003513,0,
9001805,0,
9001610,1,nuit_montant_eleve
9003774,0,
9000198,0,
9001776,0,
9003102,0,
9002080,0,
9003349,0,
9004798,0,
9000784,0,
9004204,0,
9003527,0,
9004198,0,
9002786,0,
9001928,0,
9003530,0,
9000874,0,
9001157,0,
9003370,0,
9001876,0,
9003165,0,
9003064,0,
9003945,0,
9003348,0,
9000386,0,
9003022,0,
9000783,0,
9002269,0,
9004532,0,
9000018,0,
9003821,0,
9002909,0,
9001619,0,
9004842,0,
9000946,0,
9003538,0,
9002510,0,
9002006,0,
9002830,0,
9001926,0,
9000157,0,
9001946,1,montant_extreme
9002819,0,
9002697,0,
9003161,0,
9000221,0,
9003305,0,
9000436,0,
9001645,0,
9004402,0,
9000759,0,
9000778,0,
9002700,0,
9000863,0,
9004145,0,
9000670,0,
9000497,0,
9002681,0,
9000724,0,
9000414,0,
9000313,0,
9002085,0,
9002104,0,
9001343,0,
9004285,0,
9002699,0,
9004411,0,
9001238,0,
9002431,0,
9001005,0,
9000726,0,
9004655,0,
9000074,0,
9000443,0,
9002364,0,
9003651,0,
9002923,0,
9003287,0,
9003499,0,
9001050,0,
9002823,0,
9000418,0,
9000945,0,
9004118,0,
9000434,0,
9004657,0,
9001605,0,
9000705,0,
9001630,0,
9004021,0,
9002550,0,
9003973,0,
9001575,0,
9004368,0,
9000408,0,
9001836,0,
9002207,0,
9000241,0,
9002727,0,
9002663,0,
9003069,0,
9002302,0,
9001445,0,
9004668,0,
9000457,0,
9000620,0,
9002063,0,
9004098,0,
9000306,0,
9002234,0,
9002108,0,
9000721,0,
9000682,0,
9000834,0,
9003058,0,
9000938,0,
9001963,0,
9001090,0,
9003269,0,
9000924,1,profil_inhabituel
9001895,0,
9002210,0,
9001187,0,
9004631,0,
9004061,0,
9001358,0,
9002889,0,
9004016,0,
9004752,0,
9004303,0,
9001935,0,
9000752,0,
9002891,0,
9000975,0,
9001677,0,
9002519,0,
9002736,0,
9003514,0,
9004954,0,
9002378,0,
9002761,0,
9004837,0,
9001528,0,
9001342,0,
9000948,0,
9000823,0,
9000522,0,
9003835,0,
9003204,0,
9001607,0,
9000604,0,
9001612,0,
9000329,0,
9000256,0,
9003308,0,
9001698,0,
9000528,0,
9001819,0,
9001063,0,
9003993,0,
9000118,0,
9000100,0,
9004474,0,
9002330,0,
9000769,0,
9004758,0,
9002480,0,
9003249,0,
9003671,0,
9003606,0,
9003889,0,
9000462,0,
9004026,0,
9001941,0,
9000532,0,
9004884,0,
9004766,0,
9001854,1,montant_extreme
9000083,0,
9001481,0,
9002720,0,
9000390,0,
9003403,0,
9004211,0,
9004143,0,
9004720,0,
9003885,0,
9002008,0,
9002095,0,
9000187,0,
9001078,0,
9002427,0,
9004849,0,
9003568,0,
9001487,0,
9000058,0,
9002639,0,
9001104,0,
9001970,0,
9000533,0,
9003830,0,
9001596,0,
9000467,0,
9001537,0,
9001695,0,
9000937,0,
9000623,0,
9002660,0,
9003928,0,
9000350,0,
9001076,0,
9003707,0,
9001947,0,
9003980,0,
9001908,0,
9002792,0,
9004220,0,
9002369,0,
9004348,0,
9000961,0,
9003701,0,
9000750,0,
9004113,0,
9001637,0,
9000041,0,
9004367,0,
9001046,0,
9001655,0,
9002222,0,
9004663,0,
9000884,0,
9001936,0,
9003163,0,
9002596,0,
9002308,0,
9003038,0,
9004379,0,
9000357,0,
9001406,0,
9000287,0,
9003365,0,
9004018,0,
9004418,0,
9002933,0,
9003327,0,
9004957,0,
9000536,0,
9003253,0,
9003686,0,
9001229,0,
9002886,0,
9001850,0,
9002433,0,
9003271,0,
9000178,0,
9004583,0,
9000847,0,
9002868,0,
9001524,0,
9002013,0,
9003322,0,
9000182,0,
9001778,0,
9003808,0,
9002249,0,
9000273,0,
9001556,0,
9004557,0,
9003603,0,
9003351,0,
9002275,0,
9001106,0,
9002805,0,
9003787,1,nuit_montant_eleve
9001032,0,
9004773,0,
9000635,1,nuit_montant_eleve
9002051,0,
9003052,0,
9000685,0,
9000168,0,
9000761,0,
9001193,0,
9003888,0,
9003824,0,
9003257,0,
9002940,0,
9002381,0,
9003517,0,
9002297,0,
9002478,0,
9000908,0,
9001929,0,
9000251,0,
9001616,0,
9001883,0,
9002368,0,
9003196,0,
9003879,0,
9002032,0,
9003088,0,
9002483,0,
9002931,0,
9003180,0,
9004226,0,
9000023,0,
9001405,0,
9001174,0,
9003562,0,
9004634,0,
9004628,0,
9000544,0,
9004682,0,
9003668,0,
9002328,0,
9001433,0,
9002534,0,
9004168,0,
9004372,0,
9000469,0,
9003087,0,
9004283,0,
9002370,0,
9004391,0,
9004929,0,
9003690,0,
9002248,0,
9000259,0,
9002450,0,
9002926,0,
9003049,0,
9000704,0,
9000349,0,
9003950,0,
9001639,0,
9000411,0,
9002613,0,
9002200,0,
9003289,0,
9001702,0,
9003559,0,
9003524,0,
9000564,0,
9000230,0,
9003761,0,
9001886,1,montant_extreme
9003097,0,
9002147,0,
9000262,0,
9003792,0,
9000703,0,
9000661,0,
9000392,0,
9002103,0,
9003040,0,
9002466,0,
9002674,0,
9004564,0,
9004844,0,
9004491,0,
9002220,0,
9002738,0,
9002554,0,
9000912,0,
9002741,0,
9003693,0,
9004019,1,profil_inhabituel
9000398,0,
9002094,0,
9001891,0,
9002993,0,
9004103,0,
9001651,0,
9004492,0,
9002511,0,
9001523,0,
9004871,0,
9002392,0,
9004985,0,
9002071,0,
9002810,0,
9002815,0,
9003182,0,
9004156,0,
9002813,0,
9004791,0,
9003290,0,
9002745,0,
9003913,0,
9003837,0,
9000052,0,
9003258,0,
9000523,0,
9004331,0,
9004875,0,
9001326,0,
9004905,0,
9003359,0,
9001178,0,
9004983,0,
9003045,0,
9003099,0,
9004248,0,
9004956,0,
9001534,0,
9003965,0,
9000072,0,
9001113,0,
9001432,0,
9003153,0,
9001115,0,
9000426,0,
9003256,0,
9003935,0,
9001704,0,
9004009,0,
9001798,0,
9003909,0,
9003024,0,
9002861,0,
9000102,0,
9001770,0,
9000543,0,
9003295,0,
9004448,0,
9002944,0,
9004656,0,
9003776,0,
9000253,0,
9004408,0,
9004159,0,
9004581,0,
9001960,0,
9001663,0,
9002385,0,
9000993,0,
9003194,0,
9003394,0,
9000838,0,
9001787,0,
9003529,0,
9000888,0,
9002851,0,
9002929,0,
9002890,0,
9004827,0,
9001345,0,
9004796,0,
9004578,0,
9004556,1,nuit_montant_eleve
9002900,0,
9000872,0,
9003736,0,
9002349,0,
9003894,0,
9001872,0,
9001072,0,
9001988,0,
9002462,0,
9003504,0,
9001710,0,
9003018,0,
9000735,0,
9001474,0,
9004605,0,
9004119,0,
9003328,0,
9003476,0,
9001582,0,
9002496,0,
9004027,0,
9002643,0,
9002602,0,
9001940,0,
9002360,0,
9002116,0,
9002870,0,
9003433,0,
9001989,0,
9004811,0,
9000339,0,
9001364,0,
9001796,0,
9002765,0,
9000653,0,
9002277,0,
9002734,0,
9000224,0,
9003297,0,
9003583,0,
9004755,0,
9004654,0,
9000009,0,
9002470,0,
9004262,0,
9001740,0,
9002665,0,
9003242,0,
9004996,0,
9001745,0,
9004570,0,
9004673,0,
9003241,0,
9000142,0,
9000664,0,
9003960,0,
9003179,0,
9004587,0,
9003288,0,
9003586,0,
9002773,0,
9004886,0,
9003683,0,
9002839,0,
9002523,0,
9004164,1,profil_inhabituel
9004059,0,
9003079,0,
9002474,0,
9004188,0,
9003526,0,
9003232,0,
9001085,0,
9001395,0,
9002444,0,
9003832,0,
9001656,0,
9003911,0,
9003850,1,nuit_montant_eleve
9004261,0,
9003336,0,
9002936,0,
9003197,0,
9000412,0,
9002968,0,
9002241,0,
9002703,0,
9001512,0,
9003811,0,
9002914,0,
9000626,0,
9002394,0,
9001257,0,
9004967,0,
9003782,0,
9000486,0,
9003484,0,
9001112,0,
9000363,1,profil_inhabituel
9000964,0,
9003952,0,
9003622,0,
9003471,0,
9003152,0,
9004373,0,
9002315,0,
9000567,0,
9000976,0,
9003089,0,
9002747,0,
9001839,0,
9004155,0,
9001545,0,
9000903,0,
9001479,0,
9003702,0,
9002553,0,
9003869,0,
9003413,0,
9002874,0,
9001355,0,
9002358,0,
9004209,0,
9003714,0,
9003741,0,
9002175,0,
9000032,0,
9003670,0,
9001877,0,
9003314,0,
9000326,0,
9002299,0,
9003444,0,
9000078,0,
9001503,0,
9004803,0,
9003882,0,
9002194,0,
9003181,0,
9004930,0,
9003029,0,
9003628,0,
9003094,0,
9004764,0,
9002687,0,
9000315,0,
9001386,0,
9003386,0,
9002182,0,
9001265,0,
9001251,0,
9000097,0,
9003255,0,
9000925,0,
9001288,0,
9003293,0,
9003570,0,
9001107,0,
9000508,0,
9001563,0,
9003745,0,
9000568,0,
9000617,0,
9001786,0,
9002209,0,
9000989,0,
9001506,0,
9001904,0,
9000189,0,
9002293,0,
9001291,0,
9003275,0,
9003435,0,
9000832,0,
9000719,0,
9000854,0,
9000384,0,
9004812,0,
9004240,0,
9003333,0,
9003372,0,
9004706,0,
9002667,0,
9002100,0,
9002253,0,
9000566,0,
9001709,0,
9000327,0,
9001047,0,
9003073,0,
9003863,0,
9002751,0,
9001811,0,
9000857,0,
9003482,0,
9003278,0,
9003703,0,
9004048,0,
9004200,0,
9001515,0,
9002641,0,
9001906,0,
9003210,0,
9002487,0,
9001308,0,
9004607,0,
9002882,0,
9004834,0,
9002237,0,
9001892,0,
9003084,0,
9000510,0,
9001542,0,
9003968,0,
9001454,0,
9003110,0,
9001402,0,
9001124,0,
9000119,0,
9000148,0,
9000637,0,
9002967,0,
9004964,0,
9000593,0,
9003878,0,
9004499,0,
9003061,0,
9002162,0,
9001609,0,
9000831,0,
9001817,0,
9004079,0,
9003595,0,
9001013,0,
9003431,0,
9000380,0,
9004509,0,
9004398,0,
9004324,0,
9000919,0,
9001852,0,
9004488,0,
9003200,0,
9003222,0,
9001459,0,
9004235,0,
9000483,0,
9003515,0,
9004794,0,
9004748,0,
9000209,0,
9003216,0,
9001660,0,
9001701,0,
9001425,0,
9004427,0,
9004859,0,
9004378,0,
9002608,0,
9001179,0,
9004358,0,
9001942,0,
9001882,0,
9004172,0,
9003468,0,
9004344,0,
9002346,0,
9004734,0,
9001804,0,
9003319,0,
9000696,0,
9001502,0,
9002421,0,
9003720,0,
9004124,0,
9002188,0,
9004387,0,
9002895,0,
9002079,0,
9004405,0,
9000206,0,
9004949,1,montant_extreme
9004494,0,
9003974,0,
9004741,0,
9003302,0,
9004650,0,
9002126,0,
9000346,0,
9002418,0,
9001297,0,
9001307,0,
9003718,0,
9000618,0,
9004407,0,
9004138,0,
9001562,0,
9003306,0,
9004234,0,
9001818,0,
9002399,0,
9002492,0,
9003566,0,
9001413,0,
9004007,0,
9004187,0,
9003793,0,
9001621,0,
9000211,0,
9003391,0,
9000933,0,
9004452,0,
9004409,0,
9001261,0,
9004087,0,
9000039,0,
9002238,0,
9000314,0,
9004034,1,profil_inhabituel
9000505,0,
9002109,0,
9000292,0,
9004146,0,
9000509,0,
9004246,0,
9003060,0,
9000281,0,
9004633,0,
9001429,0,
9001028,0,
9002871,0,
9004579,0,
9004015,0,
9004316,0,
9000216,0,
9000890,0,
9002430,0,
9000744,0,
9003083,0,
9000779,0,
9002106,0,
9004242,0,
9002045,0,
9003039,0,
9003754,0,
9004301,0,
9001123,0,
9002301,0,
9000152,0,
9002311,0,
9003100,0,
9002577,0,
9002979,0,
9000143,0,
9000413,0,
9003304,0,
9001917,1,montant_extreme
9003212,0,
9002658,0,
9000399,0,
9001322,0,
9001794,0,
9004332,0,
9001192,0,
9004247,0,
9002333,0,
9002849,0,
9002000,0,
9003307,0,
9004017,0,
9004775,0,
9004033,0,
9002787,0,
9001410,0,
9001640,0,
9000573,1,profil_inhabituel
9000950,0,
9003032,0,
9003796,0,
9003168,0,
9001999,0,
9004918,0,
9002111,0,
9000111,0,
9002955,0,
9001551,0,
9001011,0,
9001491,0,
9001673,0,
9002273,0,
9002706,0,
9000419,0,
9001338,0,
9002041,0,
9000638,0,
9000263,0,
9004511,0,
9003294,0,
9003592,0,
9003716,0,
9003994,0,
9001400,0,
9000271,0,
9004816,0,
9003437,0,
9001646,0,
9004939,0,
9002812,0,
9004024,0,
9000534,0,
9002541,0,
9000660,0,
9004590,0,
9000841,0,
9004688,0,
9003420,0,
9004617,0,
9001316,0,
9002197,0,
9001820,0,
9002186,0,
9003596,0,
9001581,0,
9001209,0,
9004205,0,
9002583,0,
9001451,0,
9003699,0,
9000971,0,
9000342,0,
9002398,0,
9004711,0,
9000855,0,
9002219,0,
9001862,0,
9001483,0,
9003205,0,
9003042,0,
9003178,0,
9000495,0,
9000481,0,
9000814,0,
9002229,0,
9004082,0,
9004632,0,
9004725,0,
9003599,0,
9000299,0,
9001230,0,
9001403,0,
9004649,0,
9000154,0,
9002193,0,
9003368,0,
9000353,0,
9001239,0,
9003389,0,
9003525,0,
9004507,0,
9001114,0,
9004771,0,
9000450,1,profil_inhabituel
9000096,0,
9004397,0,
9002419,0,
9001907,0,
9002255,0,
9001382,0,
9004263,0,
9004580,0,
9000796,0,
9003475,0,
9004115,0,
9004482,0,
9001561,0,
9002110,0,
9004907,0,
9001993,0,
9002807,0,
9001838,0,
9004377,0,
9003430,0,
9002355,0,
9001186,0,
9002021,0,
9003584,0,
9001391,0,
9001462,0,
9000526,0,
9003164,0,
9003373,0,
9000309,0,
9001476,0,
9001034,0,
9003742,0,
9000088,0,
9004440,0,
9004588,0,
9002434,0,
9000442,0,
9003987,0,
9003549,0,
9002833,0,
9004375,0,
9004425,0,
9003342,0,
9002808,0,
9002187,0,
9000802,0,
9000447,0,
9001177,0,
9001779,0,
9001155,0,
9000307,0,
9001601,0,
9003062,0,
9002467,0,
9003844,0,
9004569,0,
9002309,0,
9002867,0,
9000400,0,
9000136,0,
9000333,0,
9004177,0,
9003098,0,
9001060,0,
9000190,0,
9000799,0,
9004039,0,
9003503,0,
9001367,0,
9004789,0,
9003899,0,
9004603,0,
9000368,0,
9000952,0,
9003106,0,
9001823,0,
9002052,0,
9002089,0,
9004699,0,
9004447,0,
9002776,0,
9000226,0,
9000988,0,
9000239,0,
9004667,0,
9000748,0,
9002167,0,
9001821,0,
9003697,0,
9004495,0,
9002127,0,
9000749,0,
9000928,0,
9003790,0,
9004290,0,
9002708,0,
9003942,0,
9004665,0,
9001105,0,
9002997,0,
9004158,0,
9002781,1,profil_inhabituel
9001014,0,
9004274,0,
9002595,0,
9004746,0,
9004110,0,
9001950,0,
9002292,0,
9004476,0,
9001095,0,
9001514,0,
9003447,0,
9001756,0,
9001145,0,
9004256,0,
9000254,0,
9000403,0,
9002347,0,
9002484,0,
9003574,0,
9001504,0,
9001915,0,
9002130,0,
9004681,0,
9003772,0,
9000338,0,
9002576,0,
9004951,0,
9001494,0,
9002016,0,
9001604,0,
9000607,0,
9000525,0,
9000321,0,
9002650,0,
9001249,0,
9000968,0,
9004410,0,
9000066,0,
9003735,0,
9002921,0,
9002272,0,
9002552,0,
9004075,0,
9002307,0,
9001777,0,
9002588,0,
9000595,0,
9001576,0,
9001435,0,
9003859,0,
9003694,0,
9002092,0,
9001439,0,
9001905,0,
9002069,0,
9001404,0,
9003043,0,
9002526,0,
9004612,0,
9004338,0,
9002271,0,
9004151,0,
9000077,0,
9000646,0,
9001527,0,
9003623,0,
9004441,0,
9004497,0,
9004925,0,
9000554,0,
9004868,0,
9004257,0,
9002152,0,
9002928,0,
9004744,0,
9002537,0,
9002151,0,
9000632,0,
9002083,0,
9004041,0,
9000167,0,
9001388,0,
9004051,0,
9003522,0,
9003756,0,
9004001,0,
9001586,0,
9002283,0,
9004818,0,
9003607,0,
9000294,0,
9004653,0,
9002491,0,
9003659,0,
9003996,0,
9003395,0,
9003770,0,
9004889,0,
9001757,0,
9001142,0,
9001647,0,
9003251,0,
9003487,0,
9001974,0,
9003454,0,
9004439,0,
9003597,0,
9002637,0,
9004192,0,
9000487,0,
9001160,0,
9001793,0,
9002160,0,
9004176,0,
9001312,0,
9002461,0,
9004462,0,
9002327,0,
9004831,0,
9004968,0,
9004783,0,
9001372,0,
9001511,0,
9001978,0,
9003434,0,
9004313,0,
9002367,0,
9002590,0,
9000738,0,
9002485,0,
9002998,0,
9002204,0,
9002074,0,
9004100,0,
9000199,0,
9001782,0,
9004777,0,
9003091,0,
9004255,0,
9003729,0,
9003021,0,
9001030,0,
9004739,0,
9002425,0,
9003174,0,
9003558,0,
9002030,0,
9000169,0,
9003717,0,
9000627,0,
9002740,0,
9004901,0,
9004241,0,
9000991,0,
9001330,0,
9000371,0,
9004389,0,
9002323,0,
9004413,0,
9000268,0,
9001711,0,
9004066,0,
9004500,0,
9004229,0,
9001592,0,
9003085,0,
9004049,0,
9001383,0,
9000139,0,
9001069,0,
9002910,0,
9000197,0,
9004566,0,
9001407,1,profil_inhabituel
9001357,0,
9001900,0,
9004218,0,
9001176,0,
9003827,0,
9003510,0,
9003986,0,
9004254,0,
9004940,0,
9001236,0,
9003213,0,
9004203,0,
9001771,0,
9002053,0,
9003711,0,
9001831,0,
9004245,0,
9001360,0,
9002490,0,
9002763,0,
9001699,0,
9001927,1,profil_inhabituel
9002850,0,
9002562,0,
9003054,0,
9001138,0,
9002885,0,
9000044,0,
9002145,0,
9000765,0,
9002486,0,
9003857,0,
9004630,1,montant_extreme
9004383,0,
9000521,0,
9004517,0,
9003854,0,
9004093,0,
9004174,0,
9002759,0,
9003131,0,
9002191,0,
9004442,0,
9000746,0,
9003101,0,
9001052,0,
9004738,0,
9004750,0,
9003115,0,
9003407,0,
9001925,0,
9002827,0,
9003237,0,
9000201,0,
9001572,0,
9000053,0,
9003465,0,
9001363,0,
9003677,0,
9003848,0,
9000998,0,
9002056,0,
9000063,0,
9001773,0,
9004267,0,
9004011,0,
9003406,0,
9002441,0,
9004182,0,
9004786,0,
9002585,0,
9001685,0,
9003086,0,
9004350,0,
9000979,0,
9000630,0,
9002201,0,
9002893,0,
9002282,0,
9000194,0,
9000301,0,
9004676,0,
9004935,0,
9001748,0,
9000634,0,
9000068,0,
9002724,0,
9003063,0,
9003011,0,
9001718,0,
9000770,0,
9000628,0,
9001945,0,
9000498,0,
9004478,0,
9001967,0,
9002279,0,
9001044,0,
9003964,0,
9002569,0,
9000374,0,
9002654,0,
9003025,0,
9001151,0,
9002767,0,
9003951,0,
9003424,0,
9003228,0,
9002415,0,
9001268,0,
9000758,0,
9004056,0,
9003531,0,
9004171,0,
9004401,0,
9003006,0,
9002920,0,
9004881,0,
9002544,0,
9004506,0,
9000332,0,
9003737,0,
9003948,0,
9001285,0,
9000913,0,
9001772,0,
9004961,0,
9000909,0,
9004950,0,
9000379,0,
9000022,0,
9002680,0,
9000393,0,
9004345,0,
9004486,0,
9003108,0,
9004947,0,
9003815,0,
9004250,0,
9000188,0,
9004040,0,
9003254,0,
9002592,0,
9004958,0,
9004664,0,
9002587,0,
9001937,0,
9002407,0,
9000576,0,
9001271,0,
9004955,0,
9004385,0,
9001857,0,
9002356,0,
9001864,0,
9003493,0,
9002696,0,
9002683,0,
9000440,0,
9002059,0,
9003695,0,
9004490,0,
9002800,0,
9000552,0,
9001094,0,
9000094,1,profil_inhabituel
9001168,0,
9004809,0,
9001478,0,
9003318,0,
9002779,0,
9001468,0,
9002216,0,
9002581,0,
9001666,0,
9004052,0,
9004252,0,
9002134,0,
9001921,0,
9004150,0,
9002384,0,
9003460,0,
9003380,0,
9004625,0,
9002622,0,
9001173,0,
9001352,0,
9004833,0,
9004498,0,
9002835,0,
9002342,0,
9003405,0,
9003023,0,
9002012,0,
9002574,0,
9002428,0,
9001881,0,
9002291,0,
9004326,0,
9003329,0,
9004651,0,
9001754,0,
9001017,0,
9000809,0,
9002374,0,
9002003,0,
9004403,0,
9003059,0,
9000614,0,
9002875,0,
9004795,0,
9002848,0,
9002852,0,
9002405,0,
9003092,0,
9001320,0,
9001066,0,
9001694,0,
9001593,0,
9004972,0,
9001629,0,
9002600,0,
9001159,0,
9004162,1,montant_extreme
9001774,0,
9001283,0,
9004799,0,
9001385,0,
9003041,0,
9001761,0,
9003250,0,
9004927,0,
9004626,0,
9002546,0,
9003989,0,
9000373,0,
9003461,0,
9004646,1,nuit_montant_eleve
9003555,0,
9001191,0,
9003260,0,
9002225,0,
9004030,0,
9004147,0,
9002749,0,
9004877,0,
9003312,0,
9002564,0,
9003618,0,
9001688,0,
9001131,0,
9001888,0,
9003698,0,
9001866,0,
9000248,0,
9003188,0,
9001302,0,
9000942,0,
9003479,0,
9002073,0,
9004318,0,
9002076,0,
9004719,0,
9003285,0,
9002192,0,
9001495,0,
9002140,0,
9000164,0,
9004045,0,
9004161,0,
9001340,0,
9004213,0,
9001956,0,
9002473,0,
9001584,0,
9003547,0,
9001485,0,
9003653,0,
9000163,0,
9002163,0,
9002017,0,
9004354,0,
9002357,0,
9003765,1,montant_extreme
9000907,0,
9001635,0,
9003315,0,
9001252,0,
9000496,0,
9003274,0,
9002524,0,
9000065,0,
9001875,0,
9003416,0,
9002746,0,
9003166,0,
9004175,0,
9002290,0,
9002509,0,
9001480,0,
9003485,0,
9002060,0,
9004984,0,
9000687,0,
9001847,0,
9002915,0,
9000585,0,
9003691,0,
9003142,0,
9003733,0,
9000962,0,
9000960,0,
9004446,0,
9003766,0,
9004471,0,
9001835,0,
9003291,0,
9004896,0,
9001762,0,
9001043,0,
9003272,0,
9003886,0,
9000144,0,
9001309,0,
9000957,0,
9000027,0,
9001719,0,
9000572,0,
9001496,0,
9004562,0,
9004251,0,
9004670,0,
9003775,0,
9000954,0,
9003209,0,
9000425,0,
9003220,0,
9002276,1,profil_inhabituel
9000500,0,
9001687,0,
9003071,0,
9003369,0,
9003563,0,
9001841,0,
9002250,0,
9001374,0,
9000732,0,
9002962,0,
9000473,0,
9001185,0,
9002760,0,
9004659,0,
9004336,0,
9000005,0,
9001153,0,
9003008,0,
9001437,0,
9003669,0,
9003173,0,
9002698,0,
9004826,0,
9000972,0,
9004191,0,
9002476,0,
9002420,0,
9004035,0,
9000624,0,
9000547,0,
9003771,0,
9001333,0,
9003567,0,
9000795,0,
9000777,0,
9004068,0,
9000165,0,
9002566,0,
9004520,0,
9000238,0,
9002070,0,
9004710,0,
9000994,0,
9000464,0,
9002762,0,
9002224,0,
9002495,0,
9001444,0,
9001059,0,
9004130,0,
9002694,0,
9001079,0,
9002990,0,
9000275,0,
9004743,0,
9003924,0,
9001741,0,
9004736,0,
9001225,0,
9004616,0,
9002341,1,montant_extreme
9004328,0,
9002925,0,
9000929,0,
9004342,0,
9001678,0,
9003676,0,
9003218,0,
9003125,0,
9000219,0,
9000800,0,
9002999,0,
9004028,0,
9001293,0,
9001643,0,
9004227,0,
9003556,0,
9003780,0,
9004284,0,
9000633,0,
9003261,0,
9002078,0,
9000935,0,
9004465,0,
9001263,0,
9004610,0,
9000869,0,
9003814,0,
9001039,0,
9000689,0,
9000214,0,
9001373,0,
9002954,0,
9000621,0,
9000140,0,
9000285,0,
9001924,0,
9003893,0,
9001092,0,
9000354,0,
9002841,0,
9004144,0,
9003325,0,
9002040,0,
9000298,0,
9003624,0,
9002717,1,profil_inhabituel
9003551,0,
9002934,0,
9000267,0,
9000155,0,
9001100,0,
9002007,0,
9001184,0,
9001057,0,
9001331,0,
9002318,0,
9001220,0,
9002916,0,
9003860,0,
9001473,0,
9003601,0,
9001729,0,
9001418,0,
9004765,0,
9002802,0,
9002382,0,
9000030,0,
9001890,0,
9004529,0,
9000435,0,
9001319,0,
9000923,0,
9003081,0,
9002135,0,
9003080,0,
9004297,0,
9000186,0,
9002735,0,
9000091,0,
9003616,0,
9003744,0,
9002860,0,
9003356,0,
9004094,0,
9004942,0,
9000004,0,
9000756,0,
9003500,0,
9000082,0,
9002157,0,
9001992,0,
9003812,0,
9004004,0,
9000121,0,
9003619,0,
9004416,0,
9003747,0,
9004322,0,
9002565,0,
9003104,0,
9000883,0,
9004878,0,
9002521,0,
9003489,0,
9004545,0,
9000407,0,
9000047,0,
9002661,0,
9002146,0,
9000939,0,
9001919,0,
9000231,0,
9000833,0,
9004047,0,
9004179,0,
9002846,0,
9000485,0,
9000710,0,
9002337,0,
9004106,0,
9002205,0,
9003397,0,
9002578,0,
9002354,0,
9003443,0,
9003132,0,
9001368,0,
9002730,0,
9000916,0,
9003954,0,
9002391,0,
9000020,1,montant_extreme
9002465,1,profil_inhabituel
9000612,0,
9002020,0,
9004742,0,
9004050,0,
9003631,0,
9002845,0,
9002645,0,
9002991,0,
9004025,0,
9002217,0,
9004180,0,
9002274,0,
9002004,0,
9003453,0,
9002716,0,
9003587,0,
9004323,0,
9004424,0,
9001743,0,
9004526,0,
9000798,0,
9000176,0,
9003817,0,
9002582,0,
9000537,0,
9002435,0,
9000031,0,
9004444,0,
9002409,1,montant_extreme
9003666,0,
9000335,0,
9001853,0,
9003292,0,
9001954,0,
9000205,0,
9004759,0,
9000114,0,
9000647,0,
9001520,0,
9003981,0,
9000073,0,
9000792,0,
9003884,0,
9003143,0,
9002243,0,
9002507,0,
9001566,0,
9004167,0,
9002077,0,
9000222,0,
9001555,0,
9000506,0,
9000871,0,
9001248,0,
9002189,0,
9000905,0,
9002180,0,
9002644,0,
9001458,0,
9002047,0,
9003016,0,
9001803,0,
9001213,0,
9003072,0,
9004355,1,nuit_montant_eleve
9003139,0,
9004606,0,
9000644,0,
9002960,0,
9003656,0,
9004726,0,
9004807,0,
9003410,0,
9000709,0,
9004453,0,
9001697,0,
9001102,0,
9002178,0,
9004116,0,
9001508,0,
9002239,0,
9002976,0,
9004867,0,
9002549,0,
9000785,0,
9004112,0,
9001202,0,
9003855,0,
9004890,0,
9003636,0,
9002456,0,
9001517,0,
9001499,0,
9001075,0,
9004485,0,
9000622,0,
9002913,0,
9000519,0,
9003938,0,
9001101,0,
9000944,0,
9000290,0,
9004417,0,
9001712,0,
9004281,0,
9001808,0,
9000276,0,
9002459,0,
9003971,0,
9003451,0,
9002527,0,
9000367,0,
9001541,0,
9000974,0,
9001420,0,
9002463,0,
9001431,0,
9002026,0,
9003662,0,
9004707,0,
9000973,0,
9001799,0,
9003090,0,
9003846,0,
9002844,0,
9000076,0,
9003923,0,
9002395,0,
9001968,0,
9000277,0,
9003123,0,
9000109,0,
9004343,0,
9001146,0,
9003286,0,
9003874,0,
9001802,0,
9003138,0,
9000768,0,
9001768,0,
9003427,0,
9003498,0,
9001795,0,
9002686,0,
9001932,0,
9004895,0,
9003056,0,
9003560,0,
9003262,0,
9002769,0,
9000124,0,
9000474,0,
9000054,0,
9004428,0,
9004481,0,
9002454,0,
9003990,0,
9000070,0,
9002980,0,
9001789,0,
9000651,0,
9001918,0,
9000718,0,
9005000,0,
9003709,0,
9001031,0,
9001477,0,
9001519,0,
9000282,0,
9004363,0,
9000183,0,
9003015,0,
9000453,0,
9002977,0,
9004561,0,
9004660,0,
9002538,0,
9003638,0,
9001018,0,
9000444,0,
9000563,0,
9004638,0,
9000235,0,
9001356,0,
9004473,0,
9003116,0,
9004196,0,
9004573,0,
9000055,0,
9000185,0,
9002948,0,
9000203,0,
9003141,0,
9001353,0,
9001549,0,
9000284,0,
9000405,0,
9001492,0,
9004830,0,
9002739,0,
9002664,1,montant_extreme
9002298,0,
9001244,0,
9003140,0,
9002642,0,
9004608,0,
9002011,0,
9004714,0,
9003450,0,
9000729,0,
9003644,0,
9001116,0,
9002958,0,
9000252,0,
9002540,1,profil_inhabituel
9004293,0,
9004014,0,
9004217,0,
9004415,0,
9004825,1,montant_extreme
9002416,0,
9001814,0,
9003842,0,
9002156,0,
9001162,0,
9003660,0,
9004883,0,
9001120,0,
9003903,0,
9001379,0,
9003129,0,
9002685,0,
9004716,0,
9000667,0,
9000159,0,
9000897,0,
9004346,0,
9003927,0,
9004395,0,
9004396,0,
9003762,0,
9004109,0,
9003374,0,
9000017,0,
9000021,0,
9002959,0,
9001442,0,
9001241,0,
9001152,0,
9002251,0,
9004169,0,
9000344,0,
9000115,0,
9000803,0,
9001207,0,
9002743,0,
9000445,0,
9003654,0,
9000180,0,
9001737,0,
9004140,0,
9004270,0,
9001460,0,
9001053,0,
9003421,0,
9002715,0,
9000876,0,
9003657,0,
9002811,0,
9001767,0,
9004173,0,
9003311,0,
9002313,0,
9004085,0,
9002254,0,
9002264,0,
9003376,0,
9000556,0,
9002952,0,
9003940,0,
9004134,0,
9004962,0,
9003012,0,
9000940,0,
9003377,0,
9004536,0,
9002876,0,
9002066,0,
9001296,0,
9002901,0,
9002597,0,
9003706,0,
9004797,0,
9000608,0,
9000406,0,
9000629,0,
9001217,0,
9000420,0,
9001583,0,
9001008,0,
9002350,0,
9001091,0,
9001618,0,
9003995,0,
9001680,0,
9001051,1,profil_inhabituel
9004340,0,
9001000,0,
9003665,0,
9004126,0,
9000549,0,
9004064,0,
9001490,0,
9000679,0,
9004685,0,
9004920,0,
9001957,0,
9002411,0,
9000366,0,
9000995,0,
9004224,0,
9004058,0,
9003901,0,
9003777,0,
9004311,0,
9003017,0,
9002607,0,
9003360,0,
9003539,0,
9001165,0,
9002048,0,
9002029,0,
9000656,0,
9003728,0,
9002133,0,
9001010,0,
9004813,0,
9000351,0,
9004948,0,
9003496,0,
9001147,0,
9002593,0,
9000717,0,
9003809,0,
9003478,0,
9000747,0,
9004222,0,
9002477,0,
9002950,0,
9001074,0,
9000011,0,
9003867,0,
9001299,0,
9003265,0,
9001849,0,
9002518,0,
9002609,0,
9004549,0,
9001920,0,
9001859,0,
9003957,0,
9003937,0,
9003552,0,
9002949,0,
9004370,0,
9001669,0,
9001311,0,
9000296,0,
9001991,0,
9004614,0,
9002777,0,
9001553,0,
9000488,0,
9004272,0,
9002432,0,
9003392,0,
9004219,0,
9004000,0,
9001958,0,
9000578,0,
9000507,0,
9003469,0,
9003773,0,
9003044,0,
9003646,0,
9001720,0,
9001392,0,
9001164,0,
9003738,0,
9000712,0,
9001800,0,
9001665,0,
9000997,0,
9000701,0,
9001501,0,
9001195,0,
9001902,0,
9003897,0,
9001686,0,
9001916,0,
9004836,0,
9002539,0,
9003337,0,
9004740,0,
9003244,0,
9001015,0,
9002732,0,
9002489,0,
9002714,0,
9004512,0,
9000893,0,
9000449,0,
9004992,0,
9004152,0,
9004032,0,
9000992,0,
9002924,0,
9004703,0,
9000877,0,
9001636,0,
9000057,0,
9004708,0,
9004023,0,
9003111,0,
9004821,0,
9000807,0,
9002766,0,
9002821,0,
9000927,0,
9000789,0,
9002154,0,
9003758,0,
9000305,0,
9004888,0,
9002139,0,
9002351,0,
9002834,0,
9004129,0,
9001922,0,
9000539,0,
9002343,0,
9004097,0,
9001725,0,
9004031,0,
9000331,0,
9003979,0,
9004523,0,
9001335,0,
9002137,0,
9002775,0,
9003861,0,
9000229,0,
9003341,0,
9003679,0,
9004096,0,
9000879,0,
9004828,0,
9003345,0,
9002896,0,
9001380,0,
9004819,0,
9002119,0,
9003941,0,
9000931,0,
9002118,0,
9002310,0,
9001323,0,
9003828,0,
9001140,0,
9000561,0,
9000917,0,
9004487,0,
9001577,0,
9003299,0,
9002794,0,
9000606,0,
9001341,0,
9003632,0,
9002666,0,
9003477,0,
9000648,0,
9004912,0,
9004480,0,
9003467,0,
9002836,1,montant_extreme
9000029,0,
9002336,0,
9000983,0,
9001901,0,
9000295,0,
9003823,0,
9004502,0,
9001848,0,
9000289,0,
9003637,0,
9001259,0,
9001003,0,
9002656,0,
9000034,0,
9003215,1,nuit_montant_eleve
9000755,0,
9001434,0,
9001497,0,
9003611,0,
9000131,0,
9002436,0,
9004677,0,
9000079,0,
9004163,0,
9004994,0,
9001565,0,
9000655,0,
9003760,0,
9003259,0,
9003066,0,
9001938,0,
9002062,0,
9003146,0,
9000456,0,
9002402,0,
9002335,0,
9001258,0,
9004923,0,
9004352,0,
9001664,0,
9004197,0,
9002426,0,
9004554,0,
9000126,0,
9002586,0,
9000706,0,
9004195,0,
9000113,0,
9001997,0,
9003033,0,
9001222,0,
9001412,0,
9001975,0,
9002634,0,
9000132,0,
9000158,0,
9002252,0,
9003786,0,
9002688,0,
9003598,0,
9000980,0,
9000134,0,
9002604,0,
9001189,0,
9004814,0,
9003661,0,
9000762,0,
9001129,0,
9003448,0,
9004371,0,
9004800,0,
9002031,0,
9000308,0,
9000330,0,
9004353,0,
9004449,0,
9001084,0,
9001840,0,
9002883,0,
9004384,0,
9004615,0,
9001029,0,
9004787,0,
9004530,0,
9003843,0,
9002404,0,
9003176,0,
9003914,0,
9001365,0,
9001625,0,
9001387,1,profil_inhabituel
9003542,0,
9004892,0,
9004365,1,nuit_montant_eleve
9003926,0,
9002530,0,
9002626,0,
9002303,0,
9001455,0,
9003763,0,
9000708,0,
9000597,0,
9003235,0,
9003891,0,
9000228,0,
9002729,0,
9001897,0,
9002561,0,
9001728,0,
9002737,0,
9001161,0,
9003378,0,
9004721,0,
9003722,0,
9002798,0,
9003137,0,
9002753,0,
9000129,0,
9002719,0,
9003075,0,
9001760,0,
9004767,0,
9004898,0,
9000437,0,
9000922,0,
9003144,0,
9002892,0,
9004186,1,profil_inhabituel
9000570,0,
9004757,0,
9002247,0,
9004662,0,
9001627,0,
9000116,0,
9002679,0,
9004977,0,
9003802,0,
9002199,0,
9000288,0,
9003594,0,
9001344,0,
9002857,0,
9003684,0,
9003883,0,
9001765,0,
9002123,0,
9000424,0,
9003227,0,
9003512,0,
9001631,0,
9001672,0,
9002580,0,
9000930,0,
9003751,0,
9000677,0,
9002647,0,
9001544,0,
9001759,0,
9004658,0,
9003236,0,
9000978,0,
9000266,0,
9000535,0,
9004678,0,
9002676,0,
9004508,0,
9002560,0,
9001833,0,
9001791,0,
9000698,0,
9001156,0,
9004866,0,
9004782,0,
9003019,0,
9003007,0,
9004790,0,
9001118,0,
9002065,0,
9004928,0,
9004060,0,
9002464,0,
9000520,0,
9003415,0,
9001546,0,
9001350,0,
9000468,0,
9001318,0,
9004457,0,
9000915,0,
9003838,0,
9004265,0,
9000720,0,
9001858,0,
9001423,0,
9004938,0,
9004547,0,
9003673,0,
9001644,0,
9002345,0,
9001415,0,
9000981,0,
9004936,0,
9001628,0,
9000455,0,
9001654,0,
9004376,0,
9004463,0,
9001505,0,
9000260,0,
9002445,0,
9003667,0,
9003825,0,
9004412,0,
9001396,0,
9004585,0,
9000394,0,
9000665,0,
9004390,0,
9000786,0,
9004802,0,
9000985,0,
9004618,0,
9004435,0,
9004541,0,
9003955,0,
9000548,0,
9002037,0,
9002190,0,
9001608,0,
9004900,0,
9004874,0,
9000531,0,
9002966,0,
9002548,0,
9002947,0,
9000966,0,
9000242,0,
9002024,0,
9000688,0,
9002614,0,
9002235,0,
9002973,0,
9003969,0,
9001188,0,
9000270,0,
9000953,0,
9001305,0,
9004078,1,nuit_montant_eleve
9003347,1,nuit_montant_eleve
9004756,0,
9002144,0,
9000323,0,
9003864,0,
9003177,0,
9004210,0,
9004589,0,
9000625,0,
9000767,0,
9003876,0,
9003602,0,
9004228,0,
9003613,0,
9004544,0,
9001662,0,
9003648,0,
9003449,0,
9002494,0,
9000850,0,
9004801,0,
9000137,0,
9001580,0,
9001758,0,
9004259,0,
9001873,0,
9000494,0,
9003425,0,
9003922,0,
9003436,0,
9004038,0,
9000967,0,
9001135,0,
9003895,0,
9004914,0,
9000490,0,
9003124,0,
9002213,0,
9002971,0,
9003331,0,
9000987,0,
9000672,0,
9001568,0,
9002692,0,
9000900,0,
9003920,0,
9004586,0,
9004639,0,
9001181,0,
9004455,0,
9002027,0,
9003303,0,
9002183,0,
9003810,0,
9003423,0,
9003170,0,
9003417,0,
9001829,0,
9000269,0,
9001764,0,
9003225,0,
9001525,0,
9004310,0,
9000956,0,
9004233,0,
9002124,0,
9002864,0,
9000193,0,
9002414,0,
9004980,0,
9000896,0,
9002927,0,
9000702,0,
9002629,0,
9000601,0,
9001952,0,
9001048,0,
9004351,0,
9000085,0,
9002393,1,nuit_montant_eleve
9000675,1,nuit_montant_eleve
9002359,0,
9002917,0,
9000658,0,
9002721,0,
9002179,0,
9004063,0,
9003600,0,
9002825,0,
9002904,0,
9003692,0,
9002158,0,
9004858,0,
9001753,0,
9004542,0,
9004910,0,
9000599,0,
9004619,0,
9004086,0,
9002996,0,
9002128,0,
9003317,0,
9002898,0,
9001397,0,
9003875,0,
9004903,0,
9002226,0,
9002010,0,
9002231,0,
9002907,0,
9002568,0,
9003609,0,
9000245,0,
9001171,0,
9004621,0,
9000192,0,
9003546,0,
9003640,0,
9003117,0,
9000343,0,
9003185,1,profil_inhabituel
9001554,0,
9002829,0,
9002726,1,profil_inhabituel
9003121,0,
9001200,0,
9000040,0,
9001661,0,
9003819,0,
9003344,0,
9000240,0,
9003171,0,
9001982,0,
9000825,0,
9001172,0,
9001111,0,
9004595,0,
9001290,0,
9002508,0,
9002417,0,
9001885,0,
9001540,0,
9003604,0,
9000996,0,
9003009,0,
9003367,0,
9004496,0,
9001755,0,
9001638,0,
9001211,0,
9003970,0,
9003865,0,
9000880,0,
9001846,0,
9003026,0,
9000458,0,
9004906,0,
9001994,1,nuit_montant_eleve
9000782,0,
9003925,0,
9002970,0,
9000026,0,
9003502,0,
9002015,0,
9000600,0,
9001235,0,
9003324,0,
9001130,0,
9000130,0,
9000934,0,
9002437,0,
9003301,0,
9002758,0,
9001370,0,
9003266,0,
9001196,0,
9003721,0,
9003730,0,
9001255,0,
9003675,0,
9004560,0,
9003696,0,
9000475,0,
9002361,0,
9001467,0,
9001068,0,
9003550,0,
9001417,0,
9001585,0,
9003147,0,
9001715,0,
9000984,0,
9000616,0,
9003408,0,
9001221,0,
9003577,0,
9003757,0,
9001717,0,
9003862,0,
9003492,0,
9001128,0,
9001337,0,
9002992,0,
9002184,0,
9000673,0,
9000569,0,
9003764,0,
9000244,0,
9003118,0,
9003977,0,
9003647,0,
9000341,0,
9002448,0,
9002072,0,
9002689,0,
9004995,0,
9001985,0,
9000958,0,
9000920,0,
9002986,0,
9000099,0,
9004991,0,
9000743,0,
9002185,0,
9004489,0,
9001089,1,nuit_montant_eleve
9000311,0,
9004008,0,
9001959,0,
9001205,0,
9002584,0,
9002619,0,
9000819,0,
9004876,0,
9000237,0,
9004902,0,
9002551,0,
9000123,0,
9003273,0,
9000108,0,
9002877,0,
9003000,0,
9004042,0,
9002242,0,
9003409,0,
9002050,0,
9002897,0,
9001887,0,
9001723,0,
9003589,0,
9000162,0,
9004464,0,
9001398,0,
9003438,0,
9002380,0,
9002195,0,
9000446,0,
9001224,0,
9002022,0,
9001981,0,
9003929,0,
9000372,0,
9000822,0,
9002396,0,
9003834,0,
9000730,0,
9001693,0,
9002905,0,
9000316,0,
9000652,0,
9002930,0,
9000502,0,
9001597,0,
9001438,0,
9004321,0,
9004181,0,
9004302,0,
9001648,0,
9000479,0,
9000986,0,
9002324,0,
9002086,0,
9001277,0,
9003963,0,
9000824,0,
9002023,0,
9000842,0,
9001812,0,
9002754,0,
9000255,0,
9004437,0,
9000156,0,
9004400,0,
9002481,0,
9004679,0,
9000003,0,
9002771,0,
9004460,0,
9002088,0,
9000771,0,
9004730,0,
9002258,0,
9003794,0,
9002616,1,nuit_montant_eleve
9000060,0,
9004822,0,
9002817,0,
9001703,0,
9003767,0,
9003390,0,
9003192,0,
9000736,0,
9001049,0,
9000416,0,
9003159,0,
9002632,0,
9001306,0,
9003375,0,
9003719,0,
9004359,0,
9004201,0,
9001813,1,profil_inhabituel
9001327,0,
9000550,0,
9002112,0,
9000049,0,
9002563,0,
9002468,0,
9000641,0,
9003612,0,
9003829,0,
9001668,1,profil_inhabituel
9000711,0,
9000098,0,
9002932,0,
9004879,0,
9000827,0,
9003206,0,
9002659,0,
9003655,0,
9001696,0,
9004924,0,
9003002,0,
9002034,0,
9002722,0,
9003193,0,
9001427,0,
9004443,0,
9003610,0,
9001510,0,
9000283,0,
9002280,0,
9003233,0,
9000859,0,
9004999,0,
9001973,0,
9004166,0,
9001613,0,
9002438,0,
9003519,0,
9001071,0,
9003984,0,
9003739,0,
9001274,0,
9001298,0,
9004305,0,
9003983,0,
9000312,0,
9004170,0,
9000257,0,
9000080,0,
9002102,0,
9003813,0,
9001329,0,
9001424,0,
9002084,0,
9001132,0,
9002285,0,
9000122,0,
9002075,1,nuit_montant_eleve
9000422,0,
9003573,0,
9002718,0,
9003976,0,
9004760,0,
9002136,0,
9001472,0,
9004037,0,
9003608,0,
9004013,0,
9000587,0,
9003588,0,
9000941,0,
9004732,0,
9002501,0,
9001547,0,
9001149,0,
9000866,0,
9004020,0,
9001303,0,
9003877,0,
9004856,0,
9000788,0,
9004745,0,
9000615,0,
9001183,0,
9002517,0,
9004591,0,
9004029,0,
9003576,0,
9001062,0,
9001614,0,
9002375,0,
9000875,0,
9004672,0,
9004887,0,
9000075,0,
9000813,0,
9004805,0,
9000932,0,
9002256,0,
9004215,0,
9003268,0,
9000175,0,
9000184,0,
9004571,0,
9000666,0,
9001780,0,
9004683,0,
9002267,0,
9004501,0,
9000636,0,
9003221,0,
9001733,0,
9003797,1,montant_extreme
9002211,0,
9000204,0,
9004493,0,
9002181,0,
9000008,0,
9004870,0,
9000191,0,
9004522,0,
9004519,0,
9003681,0,
9002842,0,
9002707,0,
9002245,0,
9004555,0,
9003135,0,
9002408,0,
9003557,0,
9002941,0,
9003933,0,
9004584,0,
9002141,0,
9001064,0,
9001522,0,
9003068,0,
9004533,0,
9001595,0,
9002055,0,
9003446,0,
9003554,0,
9002799,0,
9004165,0,
9002295,0,
9002820,0,
9001045,0,
9001197,0,
9004419,0,
9000043,0,
9000223,0,
9000541,0,
9000110,0,
9001539,0,
9003931,0,
9002155,0,
9000086,0,
9003050,0,
9001317,0,
9004287,0,
9001276,0,
9003490,0,
9003856,0,
9002120,0,
9003105,0,
9001194,0,
9004454,0,
9004157,0,
9004214,0,
9000892,0,
9000430,0,
9001894,0,
9003870,0,
9001348,1,montant_extreme
9000982,0,
9004567,0,
9002353,0,
9004695,0,
9004575,0,
9000906,0,
9001077,0,
9003005,0,
9002774,0,
9001600,0,
9003151,0,
9001041,0,
9004212,0,
9004568,0,
9003065,0,
9003907,0,
9004600,0,
9001903,0,
9002981,1,nuit_montant_eleve
9004141,0,
9000676,0,
9000760,0,
9003400,0,
9003280,0,
9002709,0,
9003946,0,
9001724,0,
9000225,0,
9003641,0,
9002938,0,
9004852,0,
9003715,0,
9002131,0,
9003354,0,
9000015,0,
9000212,0,
9000317,0,
9001119,0,
9002018,0,
9003031,0,
9004686,0,
9003999,0,
9002859,1,profil_inhabituel
9003836,0,
9001641,0,
9001670,0,
9002573,0,
9000236,0,
9000731,0,
9000174,0,
9002969,0,
9001033,0,
9003953,0,
9000177,0,
9002087,1,profil_inhabituel
9004904,0,
9000697,0,
9000793,0,
9002268,0,
9001598,0,
9002691,0,
9000318,0,
9003093,0,
9001332,0,
9002598,0,
9004690,0,
9001208,0,
9003245,0,
9000727,0,
9004946,0,
9004594,0,
9000774,0,
9002019,0,
9004421,0,
9004538,0,
9004414,0,
9002067,0,
9002064,0,
9000713,0,
9001675,0,
9001218,0,
9004121,0,
9001750,0,
9004864,0,
9000461,0,
9001137,0,
9001879,0,
9001785,0,
9004133,0,
9002793,0,
9003939,0,
9002855,0,
9004178,0,
9002985,0,
9004941,0,
9003731,0,
9003934,0,
9004386,0,
9000737,0,
9000681,0,
9003047,0,
9000395,0,
9001722,0,
9003362,0,
9003472,0,
9002638,0,
9002965,0,
9000757,0,
9001281,0,
9001591,0,
9000463,0,
9000391,0,
9000013,0,
9003076,0,
9001714,0,
9001966,0,
9002125,0,
9003930,0,
9003183,0,
9000432,0,
9002403,0,
9003388,0,
9003028,0,
9001899,0,
9004091,0,
9001861,1,montant_extreme
9001349,0,
9003466,0,
9000377,0,
9003167,0,
9003014,0,
9004997,0,
9003626,0,
9002172,0,
9003366,0,
9004647,0,
9002115,0,
9004815,0,
9004445,0,
9003267,0,
9000378,0,
9000739,0,
9004279,0,
9003252,0,
9001573,0,
9003541,1,profil_inhabituel
9003680,0,
9002344,0,
9000631,0,
9000059,0,
9002325,0,
9000360,0,
9003849,0,
9002044,0,
9000471,0,
9001394,0,
9004669,0,
9003020,0,
9004470,0,
9003473,0,
9004307,0,
9001002,0,
9001234,0,
9004069,0,
9004202,0,
9004705,1,profil_inhabituel
9000557,0,
9004932,0,
9004778,0,
9000062,0,
9000886,0,
9001602,0,
9001009,0,
9000895,0,
9003263,0,
9003195,0,
9003958,0,
9003650,0,
9001845,0,
9001860,0,
9002058,0,
9000805,0,
9003851,0,
9002057,0,
9002400,0,
9001139,0,
9001282,0,
9001742,0,
9001036,0,
9003768,0,
9003229,0,
9000215,0,
9001449,0,
9004193,0,
9002987,0,
9000512,0,
9001232,0,
9000878,0,
9003494,0,
9001513,0,
9002294,0,
9000603,0,
9004339,0,
9000662,0,
9002043,0,
9003053,1,nuit_montant_eleve
9001301,0,
9001667,0,
9003582,0,
9004337,0,
9000657,0,
9004604,0,
9003187,0,
9003585,0,
9003784,0,
9000014,0,
9004534,0,
9002176,0,
9004784,0,
9000489,0,
9000423,0,
9004733,0,
9000247,0,
9002422,0,
9001995,0,
9003991,0,
9003634,0,
9001984,0,
9000493,0,
9002281,0,
9002174,0,
9003569,0,
9000234,0,
9004845,0,
9003708,0,
9002099,0,
9001073,0,
9001674,0,
9000128,0,
9004880,0,
9000042,0,
9001134,0,
9002606,0,
9003133,0,
9004576,0,
9004065,0,
9004423,1,profil_inhabituel
9003615,0,
9004806,0,
9004315,0,
9000742,0,
9000051,0,
9003723,0,
9004841,0,
9004846,0,
9004278,0,
9001822,0,
9003457,0,
9001790,0,
9000714,0,
9004559,0,
9003096,0,
9003048,0,
9001868,0,
9003145,0,
9004636,0,
9003992,0,
9001204,0,
9002348,0,
9004860,0,
9002365,0,
9004264,0,
9002514,0,
9002049,0,
9002429,0,
9002503,0,
9002352,0,
9003906,0,
9004289,0,
9003112,0,
9001275,0,
9004053,0,
9002605,0,
9002943,0,
9004239,0,
9003346,0,
9002362,0,
9004747,0,
9004629,0,
9000207,1,profil_inhabituel
9001098,0,
9002107,1,montant_extreme
9002843,0,
9001378,0,
9004043,0,
9004772,0,
9004080,0,
9001065,0,
9001671,0,
9004546,0,
9003700,0,
9002783,0,
9004899,0,
9003282,0,
9002603,0,
9000370,0,
9000806,0,
9003223,0,
9003203,0,
9000734,0,
9001691,0,
9001278,0,
9001441,0,
9002988,0,
9001914,0,
9004349,0,
9000602,0,
9004298,0,
9001775,0,
9001825,0,
9001242,0,
9004709,0,
9003326,0,
9003001,0,
9003247,0,
9000766,0,
9002212,0,
9003387,0,
9003432,0,
9002121,0,
9003627,0,
9000690,0,
9000050,0,
9003565,0,
9004429,0,
9001611,0,
9000815,0,
9000173,0,
9000836,0,
9000598,0,
9001148,0,
9003678,0,
9003866,0,
9004276,0,
9002858,0,
9001498,0,
9000089,0,
9004953,0,
9001870,0,
9004974,0,
9004225,1,profil_inhabituel
9001469,0,
9002922,0,
9000278,0,
9004286,0,
9001313,0,
9004072,0,
9002320,0,
9004504,0,
9002447,0,
9000864,0,
9000107,0,
9004915,0,
9000002,0,
9002449,0,
9000911,0,
9000210,0,
9003480,0,
9001061,0,
9001212,0,
9004306,0,
9004083,0,
9001339,0,
9002937,0,
9003350,0,
9000112,0,
9000645,0,
9003429,0,
9002995,0,
9003224,0,
9001726,0,
9003226,0,
9003074,0,
9002662,0,
9000402,0,
9000025,0,
9003847,0,
9000320,0,
9003157,0,
9001558,0,
9001058,0,
9002575,0,
9002096,0,
9001731,0,
9003544,0,
9000261,1,nuit_montant_eleve
9004125,0,
9003422,0,
9000071,0,
9000692,0,
9000105,0,
9004099,0,
9000106,0,
9000725,0,
9002005,0,
9000745,0,
9003752,0,
9002809,0,
9002702,0,
9001736,0,
9004084,0,
9003967,0,
9000160,0,
9003382,0,
9002547,0,
9000559,0,
9000213,0,
9001461,0,
9003130,0,
9002206,0,
9001416,0,
9001986,0,
9004271,0,
9001414,0,
9003154,0,
9003564,0,
9002257,0,
9003481,0,
9000990,0,
9004804,0,
9003393,0,
9001684,0,
9000135,0,
9002648,0,
9003385,0,
9002725,0,
9000249,0,
9003915,0,
9002801,0,
9002557,0,
9001578,0,
9004467,0,
9004908,0,
9001133,0,
9004909,0,
9003296,0,
9000484,0,
9001617,0,
9002284,0,
9003055,0,
9002899,0,
9004613,0,
9000716,0,
9002832,0,
9002671,0,
9002009,0,
9001254,0,
9000613,0,
9002236,0,
9001012,0,
9003323,0,
9004712,0,
9000918,0,
9003396,0,
9000476,0,
9000639,0,
9000016,0,
9003483,0,
9004362,0,
9003571,0,
9001430,0,
9004308,0,
9004516,0,
9001980,0,
9000955,0,
9001199,0,
9003769,0,
9000596,0,
9003246,0,
9004525,0,
9000686,0,
9004054,0,
9000852,0,
9000654,0,
9001535,0,
9002497,0,
9000885,0,
9002296,0,
9001749,0,
9002902,0,
9001574,0,
9001260,0,
9003868,0,
9002748,0,
9001284,0,
9002545,0,
9002571,0,
9004392,0,
9003037,0,
9003057,0,
9003300,0,
9004975,0,
9004810,0,
9003713,0,
9001087,0,
9002983,0,
9004309,0,
9000103,0,
9001001,0,
9003803,0,
9001334,0,
9004206,0,
9003833,0,
9004976,0,
9000837,1,montant_extreme
9002159,0,
9001843,0,
9001426,0,
9003010,0,
9002567,0,
9000428,0,
9004970,0,
9002535,0,
9000514,0,
9002684,0,
9003078,0,
9000336,0,
9000472,0,
9002161,1,profil_inhabituel
9002196,0,
9000860,0,
9004288,0,
9002935,0,
9004005,0,
9003818,0,
9002093,0,
9000291,0,
9000166,0,
9000227,0,
9003401,0,
9003208,0,
9004753,0,
9000591,0,
9000092,0,
9002532,0,
9003198,0,
9003508,0,
9000551,0,
9001219,0,
9004934,1,nuit_montant_eleve
9002338,0,
9002873,0,
9002246,0,
9003625,0,
9004243,0,
9003630,0,
9003523,0,
9004637,0,
9004722,0,
9000084,0,
9001965,0,
9003890,0,
9002372,0,
9002455,0,
9001264,0,
9002516,0,
9000482,0,
9003381,0,
9001040,0,
9004356,0,
9003082,0,
9002984,0,
9000038,0,
9004675,0,
9000090,0,
9004374,0,
9002326,0,
9003455,0,
9004223,0,
9000101,0,
9004666,0,
9003540,0,
9001025,0,
9004998,0,
9000794,0,
9000302,0,
9000433,0,
9001603,0,
9002406,0,
9001587,0,
9003740,0,
9000524,0,
9004661,0,
9004735,0,
9002822,0,
9001923,0,
9000149,0,
9002081,0,
9003067,0,
9000553,0,
9000867,0,
9000605,0,
9003169,0,
9004862,0,
9003364,0,
9003127,0,
9002288,0,
9002334,0,
9000545,1,profil_inhabituel
9001987,0,
9000849,0,
9003440,0,
9000334,0,
9002610,0,
9002286,0,
9002424,0,
9001971,0,
9000028,0,
9000741,0,
9000388,0,
9004623,0,
9001231,0,
9001964,0,
9003521,0,
9002945,0,
9000963,0,
9003572,0,
9000816,0,
9002036,0,
9003806,0,
9003148,0,
9001080,0,
9002826,0,
9002919,0,
9000582,0,
9002863,0,
9001500,0,
9001144,0,
9003918,0,
9003156,0,
9000650,0,
9004108,0,
9004891,0,
9000459,0,
9003231,0,
9002451,0,
9004483,0,
9001548,0,
9001844,0,
9002168,0,
9003051,0,
9003230,0,
9002149,0,
9004548,0,
9004002,0,
9004847,0,
9000611,0,
9000865,0,
9000856,0,
9004973,0,
9003936,0,
9002784,0,
9001024,0,
9004366,0,
9001961,0,
9004919,0,
9002704,0,
9000361,0,
9004641,0,
9001659,0,
9001650,0,
9002208,0,
9001884,0,
9003998,0,
9000019,0,
9001126,0,
9003629,0,
9000589,0,
9002790,0,
9000297,0,
9002439,0,
9002621,0,
9001599,0,
9000868,0,
9001125,0,
9001863,0,
9000477,0,
9003459,0,
9004073,0,
9000093,0,
9003334,0,
9003507,0,
9004781,0,
9004857,0,
9004280,0,
9000775,0,
9001865,0,
9000513,0,
9004943,0,
9001016,0,
9000723,0,
9001933,0,
9003316,0,
9004762,0,
9001093,0,
9001086,0,
9002457,0,
9003190,0,
9001097,0,
9004539,0,
9004057,0,
9001657,0,
9003710,0,
9001163,0,
9004785,0,
9004696,0,
9000590,0,
9001969,0,
9004327,0,
9004148,0,
9000006,0,
9001735,0,
9003107,0,
9002655,0,
9001314,0,
9001589,0,
9000780,0,
9001486,0,
9004944,0,
9001401,1,profil_inhabituel
9004319,0,
9002153,0,
9004558,0,
9004839,1,profil_inhabituel
9001509,0,
9000668,0,
9002098,0,
9004971,0,
9002482,0,
9002377,0,
9004333,0,
9001521,0,
9000560,0,
9001247,0,
9003332,0,
9001292,0,
9002332,0,
9000232,0,
9004312,0,
9002994,0,
9002903,0,
9004897,0,
9003578,0,
9000835,0,
9001465,0,
9001896,0,
9002150,0,
9001158,0,
9003732,0,
9001007,0,
9002198,0,
9003339,0,
9004694,0,
9000829,0,
9000125,0,
9002601,0,
9001042,0,
9002512,0,
9004067,0,
9004475,0,
9002319,0,
9002558,0,
9002672,0,
9004451,0,
9001856,1,profil_inhabituel
9003778,0,
9000427,0,
9001419,0,
9001552,0,
9003456,0,
9002847,0,
9001734,0,
9003881,0,
9001347,0,
9001325,0,
9002906,0,
9003379,0,
9001706,0,
9003962,0,
9004184,0,
9003470,0,
9004142,0,
9001560,0,
9002673,0,
9001310,0,
9002869,0,
9004749,0,
9002640,0,
9000037,0,
9000146,0,
9000882,0,
9001127,0,
9001150,0,
9003966,0,
9000610,0,
9003264,0,
9004149,0,
9003985,0,
9001280,0,
9004704,0,
9003873,0,
9000643,0,
9000151,0,
9002678,0,
9002142,0,
9002001,0,
9003579,0,
9001824,0,
9001792,0,
9003120,0,
9002710,0,
9003548,1,montant_extreme
9001658,0,
9000396,0,
9002652,0,
9001245,0,
9000558,0,
9001023,0,
9001716,0,
9003340,0,
9004865,0,
9004922,0,
9003905,0,
9004426,0,
9003581,0,
9001141,0,
9002701,0,
9002879,0,
9004609,0,
9004550,0,
9003046,0,
9001371,0,
9004472,0,
9001713,1,montant_extreme
9002304,0,
9001893,0,
9003463,0,
9003358,0,
9001634,0,
9004754,0,
9000781,0,
9004674,0,
9002105,0,
9002651,0,
9004330,0,
9001898,0,
9001214,0,
9000504,0,
9003160,1,montant_extreme
9004139,0,
9003418,0,
9004479,0,
9000492,0,
9002227,0,
9002386,0,
9003841,0,
9001943,0,
9004817,0,
9001408,0,
9002756,0,
9000921,0,
9001201,0,
9004540,0,
9000812,0,
9000517,0,
9002818,0,
9003239,0,
9002390,0,
9002797,0,
9001815,0,
9003162,0,
9004990,0,
9001324,0,
9002042,0,
9001912,0,
9001606,0,
9000364,0,
9000375,0,
9000389,0,
9001752,0,
9004012,0,
9003795,0,
9000048,0,
9001304,0,
9001878,0,
9002091,0,
9000095,0,
9000740,0,
9001557,0,
9004728,0,
9004565,0,
9000565,0,
9004282,0,
9004701,0,
9002978,0,
9003831,0,
9001384,0,
9000358,0,
9003506,0,
9002498,0,
9004597,0,
9004574,0,
9004433,0,
9000362,0,
9004469,0,
9002471,0,
9000304,0,
9003126,0,
9001632,0,
9002757,0,
9003820,0,
9000579,0,
9004717,0,
9002240,0,
9004620,0,
9002838,0,
9001004,0,
9004713,0,
9004933,0,
9001692,0,
9002300,0,
9002452,0,
9003428,0,
9003243,0,
9004808,0,
9002446,0,
9003030,0,
9004406,0,
9004450,0,
9000904,0,
9004863,0,
9000828,0,
9001471,0,
9001389,0,
9000035,0,
9004334,0,
9003474,0,
9002061,0,
9001375,0,
9002531,0,
9001732,0,
9000943,0,
9000067,0,
9002068,0,
9001708,0,
9003202,0,
9002164,0,
9004850,0,
9002693,0,
9001206,0,
9001154,0,
9003826,0,
9003704,0,
9003910,0,
9000642,0,
9000843,0,
9002785,0,
9000345,0,
9004207,0,
9004515,0,
9001037,0,
9002633,0,
9001108,0,
9001390,0,
9002287,0,
9003750,0,
9004823,0,
9001354,0,
9002989,0,
9002894,0,
9003109,0,
9001315,0,
9002114,0,
9004249,0,
9004981,0,
9000840,0,
9004190,0,
9001507,0,
9003095,0,
9001826,0,
9000220,0,
9000202,0,
9002796,0,
9002101,0,
9000529,0,
9002113,0,
9004153,0,
9003590,0,
9000179,0,
9004514,0,
9002778,0,
9003128,0,
9004081,0,
9001951,0,
9003518,0,
9001428,0,
9002305,0,
9003298,0,
9001569,0,
9000592,0,
9002939,0,
9000324,0,
9003384,0,
9001287,0,
9004988,0,
9003402,1,nuit_montant_eleve
9003658,0,
9003445,0,
9002533,0,
9004851,0,
9003276,0,
9004132,0,
9003643,1,montant_extreme
9002887,0,
9000669,0,
9004543,0,
9002862,0,
9000438,0,
9003003,0,
9004380,0,
9000715,0,
9002014,0,
9004959,0,
9003801,0,
9002675,0,
9001182,0,
9004989,0,
9003642,0,
9000470,0,
9004640,0,
9002228,0,
9004431,0,
9000527,0,
9003734,0,
9000586,0,
9003845,0,
9004292,0,
9001751,0,
9000969,0,
9001262,0,
9000577,0,
9000264,0,
9001972,0,
9004820,0,
9004731,0,
9004829,0,
9002572,0,
9000862,0,
9002413,0,
9000530,0,
9004335,0,
9003605,0,
9002733,0,
9002166,0,
9004979,0,
9004273,0,
9001948,0,
9000733,0,
9004268,0,
9001103,1,profil_inhabituel
9002570,0,
9000693,0,
9001170,0,
9001516,0,
9001006,0,
9001977,0,
9002625,0,
9004232,0,
9001990,0,
9003495,0,
9002624,0,
9004295,0,
9003972,0,
9003892,0,
9003749,0,
9000024,0,
9002500,0,
9002612,0,
9002383,0,
9001564,0,
9000061,0,
9001273,0,
9001679,0,
9004369,0,
9001533,0,
9003114,0,
9003313,0,
9002961,0,
9004436,0,
9003896,0,
9001081,0,
9002493,0,
9001705,0,
9002831,0,
9001143,0,
9003900,0,
9003201,0,
9000452,0,
9003330,0,
9000153,0,
9000722,0,
9000491,0,
9003943,0,
9001623,0,
9001530,0,
9001067,0,
9004840,0,
9004869,0,
9003520,0,
9004430,0,
9004088,0,
9000499,0,
9000421,0,
9000804,0,
9003352,1,nuit_montant_eleve
9003186,0,
9004237,0,
9001837,0,
9000571,0,
9000081,0,
9003743,0,
9004381,0,
9000348,0,
9001689,0,
9000382,0,
9000763,0,
9003462,0,
9002289,0,
9003705,0,
9001447,0,
9004468,0,
9001910,0,
9001874,0,
9001109,0,
9001443,0,
9002908,0,
9004602,0,
9002458,0,
9003688,0,
9002148,0,
9002397,0,
9004122,0,
9001421,0,
9002744,1,montant_extreme
9003961,0,
9004687,0,
9004404,0,
9000949,0,
9002631,0,
9002791,0,
9002528,0,
9002782,0,
9003921,0,
9000640,0,
9002233,0,
9002221,0,
9000319,0,
9002097,0,
9000764,0,
9001766,0,
9000680,0,
9004723,0,
9000754,0,
9002620,0,
9000383,0,
9004208,0,
9000926,0,
9004438,0,
9000936,0,
9001727,0,
9004074,0,
9004960,0,
9003441,0,
9000286,0,
9000694,0,
9003439,0,
9002054,0,
9002953,0,
9002878,0,
9000965,0,
9003310,0,
9001681,0,
9004911,0,
9003956,0,
9000181,0,
9004477,0,
9002942,0,
9003172,0,
9002695,0,
9002169,0,
9003553,0,
9002649,0,
9000409,0,
9004965,0,
9002828,0,
9002918,0,
9002713,0,
9001377,0,
9000200,1,nuit_montant_eleve
9001930,0,
9000853,0,
9000274,0,
9000340,0,
9004006,0,
9001700,0,
9004937,0,
9001440,0,
9001448,0,
9003839,0,
9001784,0,
9002117,0,
9002387,0,
9000451,0,
9002513,0,
9000684,0,
9002677,0,
9003902,0,
9004599,0,
9002363,0,
9004357,0,
9004987,0,
9000503,0,
9002543,0,
9002670,0,
9000515,0,
9001939,0,
9003635,0,
9001083,0,
9002389,0,
9003488,0,
9001934,0,
9000999,0,
9001376,0,
9003753,1,montant_extreme
9001054,0,
9000683,0,
9002770,0,
9002143,0,
9003664,0,
9002165,0,
9000466,0,
9004510,0,
9001295,0,
9003004,0,
9002814,0,
9003645,0,
9001369,0,
9001810,0,
9002837,0,
9003214,0,
9000337,0,
9001269,0,
9002028,0,
9003036,0,
9000293,0,
9004199,0,
9002668,0,
9001210,0,
9004643,0,
9003211,0,
9003840,0,
9003575,0,
9003383,0,
9000776,0,
9004872,0,
9003398,0,
9000448,0,
9002731,0,
9000195,0,
9000649,0,
9001223,0,
9001243,0,
9004982,0,
9002122,0,
9001832,0,
9000751,0,
9000671,0,
9004095,0,
9000959,0,
9000894,0,
9000851,0,
9003355,0,
9001198,0,
9002824,0,
9000914,0,
9003516,0,
9004921,0,
9001475,0,
9002963,1,profil_inhabituel
9002542,0,
9004137,0,
9004114,0,
9004360,0,
9000609,0,
9003426,0,
9002611,0,
9002974,0,
9003685,0,
9003908,0,
9001250,0,
9002536,0,
9001746,0,
9000208,0,
9000417,0,
9004136,0,
9002170,0,
9004364,0,
9001567,0,
9003789,0,
9002840,0,
9000861,0,
9004835,0,
9003663,0,
9000046,0,
9002579,0,
9002627,0,
9003283,0,
9002230,0,
9004077,0,
9002132,0,
9001649,0,
9000012,0,
9001797,0,
9000064,0,
9004090,0,
9004154,0,
9001233,0,
9001955,0,
9004325,0,
9002690,0,
9004317,0,
9003689,0,
9002806,0,
9002388,0,
9000947,0,
9003949,0,
9003270,0,
9002270,0,
9000141,0,
9003912,0,
9001381,0,
9003511,0,
9000355,0,
9000797,0,
9002750,0,
9003944,0,
9002555,0,
9004582,0,
9002599,0,
9004793,0,
9002880,0,
9004253,0,
9001226,0,
9004089,0,
9003199,0,
9004761,0,
9001830,0,
9002589,0,
9004824,0,
9000594,0,
9000325,0,
9000441,0,
9000404,0,
9002872,0,
9004123,0,
9004622,0,
9003534,0,
9002173,0,
9004963,0,
9003621,0,
9003746,0,
9003412,0,
9003219,0,
9000265,0,
9000810,0,
9002039,0,
9001626,0,
9003724,0,
9003726,0,
9004102,0,
9000691,0,
9001570,0,
9001707,0,
9000347,0,
9001228,0,
9004774,0,
9004792,0,
9002046,0,
9000511,0,
9004601,0,
9000820,0,
9000145,0,
9003122,0,
9002379,0,
9001169,0,
9001559,0,
9001117,0,
9004882,0,
9000401,0,
9001962,0,
9002520,0,
9003149,0,
9003978,0,
9001336,0,
9004524,0,
9002653,0,
9002035,0,
9001088,0,
9002262,0,
9001998,0,
9001346,0,
9003175,0,
9001393,0,
9001620,0,
9001676,0,
9002376,0,
9004296,0,
9001203,0,
9002956,0,
9004693,0,
9003371,0,
9002218,0,
9002617,0,
9000772,0,
9000555,0,
9003361,0,
9003593,1,profil_inhabituel
9004503,0,
9004266,0,
9003238,0,
9004993,0,
9004652,1,profil_inhabituel
9002755,0,
9001828,0,
9003712,0,
9002803,0,
9004718,0,
9001246,0,
9003279,0,
9003779,0,
9003158,0,
9000161,0,
9001082,0,
9003785,0,
9004216,0,
9004135,0,
9001056,0,
9004422,0,
9003404,0,
9002768,0,
9003207,0,
9001422,0,
9001747,0,
9002260,0,
9000356,0,
9003649,0,
9003748,0,
9001457,0,
9004521,0,
